{
  "generated": "20251108_173405",
  "results": {
    "branch": {
      "input_path": "outputs\\8samples\\branch.obj",
      "n_vertices": 977,
      "original_stats": {
        "n_vertices": 977,
        "min": [
          -0.851562,
          0.0,
          -0.464844
        ],
        "max": [
          0.849609,
          1.900391,
          0.462891
        ],
        "mean": [
          0.06502485568065508,
          1.0912832323439123,
          0.11570215148413523
        ],
        "std": [
          0.3474391293373574,
          0.46715492836599865,
          0.20309079782449607
        ]
      },
      "minmax": {
        "recon_obj": "outputs\\reconstructed_objs\\branch_recon_minmax_20251108_173405.obj",
        "errors": {
          "mse": 7.825607101132699e-07,
          "mae": 0.0007341886574664926,
          "mse_per_axis": [
            9.066502448733277e-07,
            1.168880082988669e-06,
            2.721518024778128e-07
          ],
          "mae_per_axis": [
            0.0008230846867993714,
            0.000929116457606104,
            0.0004503648279940024
          ]
        },
        "plot": "outputs\\plots\\branch_errors_minmax_20251108_173405.png"
      },
      "unitsphere": {
        "recon_obj": "outputs\\reconstructed_objs\\branch_recon_unitsphere_20251108_173405.obj",
        "errors": {
          "mse": 2.1850017329704657e-06,
          "mae": 0.0012725420034993635,
          "mse_per_axis": [
            2.084595565154163e-06,
            2.198849625348727e-06,
            2.2715600084085064e-06
          ],
          "mae_per_axis": [
            0.0012439756449509108,
            0.0012734347022024604,
            0.0013002156633447187
          ]
        },
        "plot": "outputs\\plots\\branch_errors_unitsphere_20251108_173405.png"
      }
    },
    "cylinder": {
      "input_path": "outputs\\8samples\\cylinder.obj",
      "n_vertices": 64,
      "original_stats": {
        "n_vertices": 64,
        "min": [
          -1.0,
          -1.0,
          -1.0
        ],
        "max": [
          1.0,
          1.0,
          1.0
        ],
        "mean": [
          2.3418766925686896e-17,
          0.0,
          -3.469446951953614e-17
        ],
        "std": [
          0.7071068300178377,
          1.0,
          0.7071068300178377
        ]
      },
      "minmax": {
        "recon_obj": "outputs\\reconstructed_objs\\cylinder_recon_minmax_20251108_173405.obj",
        "errors": {
          "mse": 7.966258421033583e-07,
          "mae": 0.0006109481915933477,
          "mse_per_axis": [
            1.1949387631550374e-06,
            0.0,
            1.1949387631550376e-06
          ],
          "mae_per_axis": [
            0.0009164222873900216,
            0.0,
            0.0009164222873900216
          ]
        },
        "plot": "outputs\\plots\\cylinder_errors_minmax_20251108_173405.png"
      },
      "unitsphere": {
        "recon_obj": "outputs\\reconstructed_objs\\cylinder_recon_unitsphere_20251108_173405.obj",
        "errors": {
          "mse": 2.573563600076552e-06,
          "mae": 0.001382418163427706,
          "mse_per_axis": [
            2.525702349479503e-06,
            2.6692861012706028e-06,
            2.525702349479551e-06
          ],
          "mae_per_axis": [
            0.0013824181634276944,
            0.0013824181634277122,
            0.0013824181634277115
          ]
        },
        "plot": "outputs\\plots\\cylinder_errors_unitsphere_20251108_173405.png"
      }
    },
    "explosive": {
      "input_path": "outputs\\8samples\\explosive.obj",
      "n_vertices": 1293,
      "original_stats": {
        "n_vertices": 1293,
        "min": [
          -0.199625,
          -0.0,
          -0.197126
        ],
        "max": [
          0.199625,
          1.0,
          0.197126
        ],
        "mean": [
          0.04264822273781913,
          0.5208888917246713,
          -9.094354215003811e-06
        ],
        "std": [
          0.11742442416544392,
          0.387970144780312,
          0.0926960832965787
        ]
      },
      "minmax": {
        "recon_obj": "outputs\\reconstructed_objs\\explosive_recon_minmax_20251108_173405.obj",
        "errors": {
          "mse": 1.2386690987247204e-07,
          "mae": 0.00027616707680048867,
          "mse_per_axis": [
            5.3447796751325164e-08,
            2.6996848414904496e-07,
            4.8184448717046014e-08
          ],
          "mae_per_axis": [
            0.00019878874139191572,
            0.0004377672019952579,
            0.00019194528701429238
          ]
        },
        "plot": "outputs\\plots\\explosive_errors_minmax_20251108_173405.png"
      },
      "unitsphere": {
        "recon_obj": "outputs\\reconstructed_objs\\explosive_recon_unitsphere_20251108_173405.obj",
        "errors": {
          "mse": 3.6826214320241915e-07,
          "mae": 0.0005236527741098595,
          "mse_per_axis": [
            3.4977973844154933e-07,
            3.8506545419344297e-07,
            3.6994123697226505e-07
          ],
          "mae_per_axis": [
            0.0005086483966281417,
            0.0005422036408144652,
            0.0005201062848869719
          ]
        },
        "plot": "outputs\\plots\\explosive_errors_unitsphere_20251108_173405.png"
      }
    },
    "fence": {
      "input_path": "outputs\\8samples\\fence.obj",
      "n_vertices": 318,
      "original_stats": {
        "n_vertices": 318,
        "min": [
          -0.5,
          0.0,
          -0.0225
        ],
        "max": [
          0.5,
          0.84317,
          0.0225
        ],
        "mean": [
          -0.005803716981131987,
          0.39659240880503194,
          0.0
        ],
        "std": [
          0.3500769416289038,
          0.2515873273125019,
          0.010706196407194965
        ]
      },
      "minmax": {
        "recon_obj": "outputs\\reconstructed_objs\\fence_recon_minmax_20251108_173405.obj",
        "errors": {
          "mse": 1.5631266669070088e-07,
          "mae": 0.00027230284381653746,
          "mse_per_axis": [
            2.5921694022658823e-07,
            2.09638914982704e-07,
            8.21448628103778e-11
          ],
          "mae_per_axis": [
            0.0004210381784983145,
            0.00039213549985551944,
            3.734853095778371e-06
          ]
        },
        "plot": "outputs\\plots\\fence_errors_minmax_20251108_173405.png"
      },
      "unitsphere": {
        "recon_obj": "outputs\\reconstructed_objs\\fence_recon_unitsphere_20251108_173405.obj",
        "errors": {
          "mse": 4.803200178508899e-07,
          "mae": 0.0006082733246816322,
          "mse_per_axis": [
            3.442404999018349e-07,
            6.199547312043243e-07,
            4.767648224465103e-07
          ],
          "mae_per_axis": [
            0.0004883854287382201,
            0.0007344711098850338,
            0.0006019634354216427
          ]
        },
        "plot": "outputs\\plots\\fence_errors_unitsphere_20251108_173405.png"
      }
    },
    "girl": {
      "input_path": "outputs\\8samples\\girl.obj",
      "n_vertices": 4488,
      "original_stats": {
        "n_vertices": 4488,
        "min": [
          -0.5,
          0.0,
          -0.181411
        ],
        "max": [
          0.5,
          0.904419,
          0.181411
        ],
        "mean": [
          0.002644200311942898,
          0.4294982283868098,
          0.01746761029411767
        ],
        "std": [
          0.1671270845056467,
          0.22321575530216234,
          0.06566085646338478
        ]
      },